Group,Percentage
Boys Under 18,21.701555748298524
Girls Under 18,28.23241676238699
People Age 60+,6.036240887034388
Adults 18–59,44.0297866022801
