Category,Percentage
Boys under 18,21.701555748298524
Girls under 18,28.23241676238699
People aged 60 and over,6.036240887034388
